City_ID,City,Lat,Lng,Max Temp,Humidity,Cloudiness,Wind Speed,Country,Date
0,bilibino,68.0546,166.4372,-9.53,82,99,2.02,RU,1743560437
1,kurduvadi,18.0833,75.4333,28.69,39,63,6.13,IN,1743560438
2,portland,45.5234,-122.6762,11.56,79,100,1.54,US,1743560015
3,blackmans bay,-43.0167,147.3167,17.07,58,13,0.45,AU,1743560441
4,mwaro,-3.5,29.6667,12.95,92,100,0.64,BI,1743560442
5,georgetown,5.4112,100.3354,29.97,70,20,1.54,MY,1743560115
6,pemangkat,1.1667,108.9667,27.78,79,78,1.46,ID,1743560232
7,pagar alam,-4.0167,103.2667,24.87,75,100,0.78,ID,1743560445
8,nadym,65.5333,72.5167,-6.71,95,100,2.08,RU,1743560446
9,samora correia,38.9371,-8.8718,14.69,97,59,3.27,PT,1743560447
10,isafjordur,66.0755,-23.124,-1.53,79,100,2.12,IS,1743560448
11,waitangi,-43.9535,-176.5597,15.46,77,23,3.13,NZ,1743560450
12,broken hill,-31.95,141.4333,25.35,28,0,3.97,AU,1743560451
13,lompoc,34.6391,-120.4579,12.79,76,75,6.17,US,1743560452
14,argo,37.6333,22.7333,12.99,86,44,1.87,GR,1743560453
15,mangrol,21.1167,70.1167,25.89,44,0,4.4,IN,1743560454
16,edinburgh of the seven seas,-37.0676,-12.3116,18.64,90,100,10.67,SH,1743560455
17,borogontsy,62.6683,131.1683,-1.77,91,100,1.88,RU,1743560456
18,carnarvon,-24.8667,113.6333,27.69,68,5,5.09,AU,1743560458
19,iskateley,67.6803,53.1512,-16.41,99,69,1.92,RU,1743560459
20,hamilton,39.1834,-84.5333,10.56,64,0,3.6,US,1743559948
21,cidreira,-30.1811,-50.2056,22.86,86,99,7.66,BR,1743560167
22,dudinka,69.4058,86.1778,-19.69,99,93,2.65,RU,1743560462
23,adamstown,-25.066,-130.1015,25.05,79,7,4.88,PN,1743560463
24,port lincoln,-34.7333,135.8667,20.69,59,52,6.61,AU,1743560464
25,thompson,55.7435,-97.8558,-3.91,30,100,1.03,CA,1743560451
26,jamestown,42.097,-79.2353,0.57,65,0,3.09,US,1743560234
27,bousso,10.4795,16.7117,27.9,14,77,3.61,TD,1743560469
28,coquimbo,-29.9533,-71.3436,13.85,94,0,1.03,CL,1743560128
29,gainsborough,53.3833,-0.7667,4.37,91,0,3.44,GB,1743560471
30,port-aux-francais,-49.35,70.2167,7.65,97,95,7.82,TF,1743560472
31,praia da vitoria,38.7333,-27.0667,11.14,62,40,12.68,PT,1743560473
32,ust-nera,64.5667,143.2,-8.81,81,100,2.51,RU,1743560474
33,margaret river,-33.95,115.0667,19.75,46,100,5.45,AU,1743560475
34,al mutayrifi,25.4788,49.5576,22.19,25,57,2.82,SA,1743560476
35,veraval,20.9,70.3667,26.03,39,0,2.84,IN,1743560477
36,fortuna,40.5982,-124.1573,10.19,91,75,5.66,US,1743560479
37,vilyuchinsk,52.9306,158.4028,2.15,82,54,3.57,RU,1743560421
38,pangody,65.85,74.4859,-10.21,97,99,2.02,RU,1743560481
39,zakamensk,50.3741,103.2863,7.81,23,9,2.05,RU,1743560482
40,college,64.8569,-147.8028,2.26,79,75,4.12,US,1743560483
41,san pedro pochutla,15.7333,-96.4667,26.51,64,8,2.72,MX,1743560485
42,tazovsky,67.4667,78.7,-19.77,99,94,2.85,RU,1743560486
43,port elizabeth,-33.918,25.5701,17.16,96,75,5.66,ZA,1743560487
44,polyarnyy,69.1989,33.4478,0.09,97,100,9.49,RU,1743560488
45,bethel,41.3712,-73.414,5.31,43,0,2.24,US,1743560489
46,crane,31.3974,-102.3501,26.28,14,53,3.92,US,1743560490
47,vorgashor,67.5833,63.95,-17.27,100,100,2.92,RU,1743560491
48,wailua homesteads,22.0669,-159.378,26.44,84,100,7.2,US,1743560492
49,fortaleza,-3.7227,-38.5247,28.07,83,40,4.12,BR,1743560493
50,pacific grove,36.6177,-121.9166,11.48,87,44,3.58,US,1743560438
51,iqaluit,63.7506,-68.5145,-26.15,70,0,1.54,CA,1743560496
52,andergrove,-21.0833,149.1833,26.8,88,100,5.27,AU,1743560497
53,qaqortoq,60.7167,-46.0333,-15.05,81,33,4.43,GL,1743560498
54,arraial do cabo,-22.9661,-42.0278,26.16,88,5,7.19,BR,1743560499
55,papatowai,-46.5619,169.4708,15.17,80,95,7.86,NZ,1743560500
56,malpica,43.3228,-8.8105,12.35,100,99,2.67,ES,1743560501
57,constantia,44.1833,28.65,10.39,88,100,3.62,RO,1743560502
58,albany,42.6001,-73.9662,2.23,48,1,2.68,US,1743560241
59,dryden,49.7833,-92.7503,0.16,27,75,4.63,CA,1743560505
60,nemuro,43.3236,145.575,1.52,79,100,4.6,JP,1743560506
61,urangan,-25.3,152.9,23.66,91,100,2.14,AU,1743560507
62,aasiaat,68.7098,-52.8699,-19.01,97,100,1.67,GL,1743560508
63,nizhniy kuranakh,58.8353,125.4869,1.95,86,100,4.67,RU,1743560509
64,yeniseysk,58.4497,92.1703,-5.07,69,51,5.27,RU,1743560511
65,nar'yan-mar,67.6713,53.087,-16.29,99,69,1.97,RU,1743560513
66,ascension,30.2169,-90.9001,25.0,90,100,3.6,US,1743560514
67,santiago de cao,-7.9589,-79.2392,19.07,88,75,4.12,PE,1743560515
68,kirensk,57.7853,108.1119,3.34,88,100,4.28,RU,1743560516
69,olonkinbyen,70.9221,-8.7187,-5.09,76,98,3.61,SJ,1743560517
70,kodiak,57.79,-152.4072,15.73,27,0,7.72,US,1743560518
71,pinckneyville,38.0803,-89.382,15.19,63,97,6.55,US,1743560519
72,balkanabat,39.5108,54.3671,18.93,46,95,2.37,TM,1743560520
73,tiksi,71.6872,128.8694,-13.15,92,100,2.2,RU,1743560522
74,lepsy,46.235,78.9456,4.65,69,7,3.79,KZ,1743560523
75,gulf shores,30.246,-87.7008,22.32,87,100,4.63,US,1743560263
76,shache,38.4167,77.2406,11.61,20,0,1.05,CN,1743560526
77,anadyr,64.75,177.4833,-11.72,84,0,7.0,RU,1743560527
78,uruguaiana,-29.7547,-57.0883,19.96,83,40,4.63,BR,1743560529
79,ferkessedougou,9.6,-5.2,26.97,47,21,2.61,CI,1743560531
80,ilebo,-4.3167,20.5833,21.49,98,100,0.61,CD,1743560532
81,chibougamau,49.9168,-74.3659,-14.21,61,0,4.12,CA,1743560239
82,lysyye gory,51.5506,44.8414,11.59,84,100,2.84,RU,1743560534
83,grytviken,-54.2811,-36.5092,-1.32,79,16,5.85,GS,1743560535
84,puerto natales,-51.7236,-72.4875,3.77,95,79,2.75,CL,1743560448
85,st albans,51.75,-0.3333,6.63,83,0,3.6,GB,1743560537
86,punta arenas,-53.15,-70.9167,6.06,65,75,5.66,CL,1743560448
87,ocean city,39.2776,-74.5746,7.77,76,0,3.35,US,1743560539
88,essaouira,31.5125,-9.77,16.72,94,40,3.6,MA,1743560540
89,talnakh,69.4865,88.3972,-15.88,96,100,2.38,RU,1743560445
90,west island,-12.1568,96.8225,27.99,83,75,6.69,CC,1743560543
91,penzance,50.1186,-5.5371,9.86,81,0,11.84,GB,1743560544
92,machali,-34.1833,-70.6667,15.84,41,3,0.76,CL,1743560545
93,puerto ayora,-0.7393,-90.3518,24.75,100,86,1.12,EC,1743560546
94,kegen,43.0197,79.2203,-0.28,61,96,1.52,KZ,1743560547
95,mohr,54.3528,9.7167,4.98,85,1,3.6,DE,1743560548
96,holualoa,19.6228,-155.9522,23.79,85,95,1.34,US,1743560549
97,arno,60.1167,18.6333,2.15,80,59,2.84,SE,1743560551
98,at taj,24.2049,23.2857,15.0,28,0,1.91,LY,1743560552
99,haiku-pauwela,20.9219,-156.3051,27.25,66,40,11.62,US,1743560553
100,minas de marcona,-15.2119,-75.1103,16.52,83,100,4.63,PE,1743560554
101,sinop,41.7711,34.8709,10.91,71,100,2.42,TR,1743560555
102,sitka,57.0531,-135.33,9.94,53,0,6.69,US,1743560491
103,marsabit,2.3284,37.9899,20.15,72,100,5.17,KE,1743560557
104,hadibu,12.65,54.0333,24.09,77,1,1.93,YE,1743560559
105,blythe,33.6103,-114.5964,22.25,8,0,6.69,US,1743560560
106,lata,40.1629,-8.3327,10.57,95,22,1.48,PT,1743560562
107,jining,35.405,116.5814,15.11,23,0,6.11,CN,1743560563
108,utrik,11.2278,169.8474,26.2,74,100,10.63,MH,1743560564
109,morondava,-20.2833,44.2833,25.14,74,0,1.85,MG,1743560565
110,stanley,54.868,-1.6985,2.01,90,13,1.03,GB,1743560567
111,cafayate,-26.073,-65.9761,14.02,81,100,1.66,AR,1743560568
112,timimoun,29.2639,0.231,21.21,14,0,3.6,DZ,1743560470
113,san clemente del tuyu,-36.3569,-56.7235,18.22,74,100,6.57,AR,1743560340
114,whitehorse,60.7161,-135.0538,4.5,51,100,3.09,CA,1743560571
115,khanty-mansiysk,61.0042,69.0019,-1.94,86,75,5.0,RU,1743560572
116,badger,64.8,-147.5333,2.21,85,100,4.12,US,1743560573
117,tamanrasset,22.785,5.5228,8.95,10,0,1.03,DZ,1743560574
118,bredasdorp,-34.5322,20.0403,15.69,79,52,2.42,ZA,1743560576
119,errachidia,31.9275,-4.4285,17.03,34,0,1.54,MA,1743560577
120,bonthe,7.5264,-12.505,25.7,87,53,2.71,SL,1743560578
121,lihue,21.9789,-159.3672,26.77,65,100,7.2,US,1743560580
122,itapecuru mirim,-3.3925,-44.3586,23.15,98,86,1.52,BR,1743560581
123,hilo,19.7297,-155.09,26.85,69,0,8.75,US,1743560440
124,labrador city,52.9463,-66.9114,-12.05,79,100,6.17,CA,1743560584
125,bafia,4.75,11.2333,22.12,95,94,0.87,CM,1743560585
126,sainte-suzanne,-20.9061,55.6089,26.1,73,75,5.14,RE,1743560586
127,kapuskasing,49.4169,-82.4331,-5.0,50,20,3.09,CA,1743560582
128,micheweni,-4.9667,39.8333,27.05,80,29,2.46,TZ,1743560588
129,vila velha,-20.3297,-40.2925,24.97,100,20,1.03,BR,1743560589
130,valdivia,-39.8142,-73.2459,8.05,99,63,1.07,CL,1743560405
131,hawaiian paradise park,19.5933,-154.9731,26.73,65,0,8.75,US,1743560592
132,kashgar,39.4547,75.9797,9.56,37,0,2.0,CN,1743560593
133,victoria falls,-17.9235,25.843,18.53,81,48,0.43,ZW,1743560595
134,mount gambier,-37.8333,140.7667,23.62,30,100,3.2,AU,1743560596
135,klamath falls,42.2249,-121.7817,4.47,75,20,5.14,US,1743560597
136,lorengau,-2.0226,147.2712,28.69,74,59,1.82,PG,1743560598
137,howrah,22.5892,88.3103,28.0,78,6,3.6,IN,1743560599
138,pierre,44.3683,-100.351,4.51,93,100,5.81,US,1743560600
139,tolanaro,-25.0319,46.9987,23.64,91,1,4.62,MG,1743560601
140,dunedin,-45.8742,170.5036,13.4,90,94,8.3,NZ,1743560603
141,rouissat,31.9243,5.3502,18.04,22,0,5.14,DZ,1743560605
142,port mathurin,-19.6833,63.4167,26.51,74,10,6.72,MU,1743560606
143,ola,59.5833,151.2833,-5.01,87,97,3.36,RU,1743560607
144,nagqu,31.5,92.0,-1.4,12,2,2.18,CN,1743560609
145,east london,-33.0153,27.9116,18.43,79,14,5.43,ZA,1743560610
146,siwa oasis,29.2041,25.5195,17.63,34,0,3.97,EG,1743560612
147,levuka,50.1834,-105.4011,-0.16,88,100,2.39,CA,1743560613
148,tshabong,-26.05,22.45,20.9,76,97,3.11,BW,1743560614
149,stiens,53.2623,5.7577,6.1,66,0,3.6,NL,1743560615
150,farasan,16.7022,42.1183,27.23,80,5,5.36,SA,1743560616
151,arkhangel'sk,64.5401,40.5433,0.06,100,100,3.0,RU,1743560617
152,ust-tsilma,65.441,52.1498,-3.52,95,100,2.27,RU,1743560618
153,margate,51.3813,1.3862,8.72,75,0,0.89,GB,1743560619
154,imbituba,-28.24,-48.6703,25.69,88,40,0.5,BR,1743560620
155,san agustin de valle fertil,-30.6335,-67.4682,12.45,57,0,1.92,AR,1743560621
156,san rafael del sur,11.8485,-86.4384,29.1,53,98,4.2,NI,1743560623
157,avarua,-21.2078,-159.775,31.03,74,75,1.03,CK,1743560624
158,khash,28.2211,61.2158,16.42,18,11,0.55,IR,1743560625
159,ilulissat,69.2167,-51.1,-11.99,67,100,1.54,GL,1743560626
160,jimma,7.6667,36.8333,16.75,77,71,0.39,ET,1743560627
161,odda,60.0691,6.5457,3.76,81,100,2.01,NO,1743560629
162,puerto vilelas,-27.5141,-58.9391,19.04,93,100,2.06,AR,1743560630
163,taksimo,56.3444,114.8794,-0.88,80,66,1.18,RU,1743560631
164,znamenskoye,57.1281,73.8282,-2.4,90,68,1.47,RU,1743560632
165,new norfolk,-42.7826,147.0587,17.73,55,43,0.75,AU,1743560633
166,yanam,16.7333,82.2167,27.7,71,87,1.1,IN,1743560634
167,la romana,18.4273,-68.9728,24.2,94,40,0.0,DO,1743560635
168,turpan,42.9333,89.1667,16.71,20,20,2.51,CN,1743560636
169,petropavlovsk-kamchatsky,53.0452,158.6483,1.33,55,75,5.0,RU,1743560637
170,yellowknife,62.456,-114.3525,-9.71,98,100,5.14,CA,1743560638
171,scheveningen,52.1046,4.2756,8.31,70,0,3.13,NL,1743560640
172,reggane,26.7158,0.1714,23.85,16,1,4.21,DZ,1743560641
173,vadso,70.0744,29.7487,0.09,100,40,1.54,NO,1743560642
174,fale old settlement,-9.3852,-171.2468,28.28,76,55,4.12,TK,1743560643
175,lerwick,60.1545,-1.1494,7.78,76,99,9.5,GB,1743560644
176,klaksvik,62.2266,-6.589,8.95,81,99,10.18,FO,1743560645
177,luxor,25.6989,32.6421,19.98,24,0,3.31,EG,1743560646
178,hasaki,35.7333,140.8333,14.01,82,100,10.32,JP,1743560647
179,aykhal,66.0,111.5,-10.65,92,100,5.28,RU,1743560648
180,preobrazheniye,42.9019,133.9064,6.96,56,48,3.56,RU,1743560649
181,olovyannaya,50.95,115.5667,5.77,45,7,3.77,RU,1743560651
182,piti village,13.4626,144.6933,31.49,67,20,5.66,GU,1743560652
183,san carlos,9.6612,-68.5827,28.99,57,82,1.95,VE,1743560653
184,kollo,13.3043,2.339,27.24,7,75,3.3,NE,1743560654
185,zhangatas,43.5667,69.75,7.29,59,0,3.2,KZ,1743560655
186,ribeira grande,38.5167,-28.7,11.54,73,100,4.02,PT,1743560656
187,san luis de la loma,17.2706,-100.8939,23.93,74,69,2.8,MX,1743560657
188,vilhena,-12.7406,-60.1458,20.8,100,89,1.25,BR,1743560658
189,tokar,18.4254,37.729,26.04,84,72,3.45,SD,1743560659
190,bundaberg,-24.85,152.35,24.08,96,100,2.3,AU,1743560660
191,saipan,15.1355,145.701,30.39,62,40,6.69,MP,1743560662
192,am timan,11.0297,20.2827,29.36,25,55,2.85,TD,1743560663
193,lebu,-37.6167,-73.65,10.17,92,29,2.79,CL,1743560664
194,longyearbyen,78.2186,15.6401,-7.09,79,75,1.54,SJ,1743560453
195,namibe,-15.1961,12.1522,23.65,88,100,2.69,AO,1743560666
196,tura,25.5198,90.2201,27.04,61,8,2.46,IN,1743560667
197,invercargill,-46.4,168.35,18.9,72,100,3.58,NZ,1743560668
198,paita,-5.0892,-81.1144,25.32,71,100,8.24,PE,1743560670
199,irymple,-34.25,142.1667,27.27,30,0,3.58,AU,1743560671
200,cadale,2.7603,46.3222,27.79,70,90,2.94,SO,1743560673
201,magadan,59.5667,150.8,-5.11,87,100,3.03,RU,1743560674
202,udachny,66.4167,112.4,-9.74,91,100,6.63,RU,1743560675
203,la'ie,21.6477,-157.9253,29.41,61,58,5.23,US,1743560676
204,rotonda west,26.8837,-82.2901,24.47,96,0,0.0,US,1743560677
205,san jeronimo,-11.9472,-75.2829,10.44,86,100,1.16,PE,1743560678
206,al jahra',29.3375,47.6581,25.63,26,98,2.64,KW,1743560679
207,baruun-urt,46.6806,113.2792,4.13,37,2,6.6,MN,1743560680
208,jalqani,12.4486,34.2186,31.62,29,95,2.06,SD,1743560681
209,sao felix do xingu,-6.6447,-51.995,22.09,95,8,0.56,BR,1743560682
210,touros,-5.1989,-35.4608,26.36,84,100,3.66,BR,1743560684
211,ushuaia,-54.8,-68.3,1.81,80,100,4.63,AR,1743560685
212,warrnambool,-38.3833,142.4833,21.52,52,9,2.57,AU,1743560686
213,didymoteicho,41.3481,26.4961,9.89,95,100,3.84,GR,1743560687
214,codrington,-38.2667,141.9667,22.24,36,45,3.63,AU,1743560688
215,vuktyl,63.8567,57.3094,1.31,99,100,2.97,RU,1743560689
216,enewetak,11.3474,162.3373,26.87,79,98,10.16,MH,1743560690
217,awjilah,29.1081,21.2869,12.97,64,0,0.88,LY,1743560691
218,dursunbey,39.586,28.6257,7.95,91,100,1.74,TR,1743560692
219,kurgan,55.45,65.3333,4.82,79,100,2.11,RU,1743560693
220,westport,41.1415,-73.3579,6.87,41,0,5.66,US,1743560407
221,sejny,54.108,23.347,5.15,82,41,4.82,PL,1743560696
222,isangel,-19.55,169.2667,31.06,66,40,6.17,VU,1743560568
223,gizo,-8.103,156.8419,29.71,71,64,1.95,SB,1743560698
224,kaa-khem,51.6833,94.7333,-2.1,80,100,0.87,RU,1743560699
225,gambiran satu,-8.3939,114.1464,28.17,77,76,1.88,ID,1743560700
226,bunbury,-33.3333,115.6333,23.35,48,92,7.66,AU,1743560701
227,hami,42.8,93.45,10.6,24,100,3.07,CN,1743560702
228,afaahiti,-17.75,-149.2833,26.75,76,28,5.62,PF,1743560703
229,manokwari,-0.8667,134.0833,27.53,80,100,4.75,ID,1743560705
230,labuan,5.2767,115.2417,30.2,70,20,1.03,MY,1743560706
231,kitimat,54.0524,-128.6534,10.51,58,79,1.07,CA,1743560707
232,ivdel',60.6911,60.4206,1.82,98,100,1.85,RU,1743560708
233,fort st. john,56.2499,-120.8529,-0.06,37,40,0.0,CA,1743560578
234,kingston,17.997,-76.7936,26.53,69,20,1.54,JM,1743560573
235,san patricio,28.017,-97.5169,23.97,91,13,7.96,US,1743560711
236,yelizovo,53.1873,158.3805,2.08,55,75,5.0,RU,1743560712
237,iquique,-20.2208,-70.1431,20.5,77,15,0.31,CL,1743560713
238,vysokiy,58.35,60.05,2.97,98,100,1.91,RU,1743560714
239,cannonvale,-20.2833,148.7,25.66,89,99,5.86,AU,1743560715
240,ostersund,63.1792,14.6357,7.25,81,75,3.6,SE,1743560488
241,pushkino,56.0172,37.8667,6.16,87,100,4.04,RU,1743560718
242,lautoka,-17.6167,177.4667,22.92,100,100,0.51,FJ,1743560719
243,sarangani,5.4033,125.4636,27.93,80,99,9.48,PH,1743560720
244,sirte,31.2089,16.5887,15.01,61,53,3.28,LY,1743560721
245,skovorodino,53.9833,123.9167,1.77,81,60,2.13,RU,1743560722
246,malakal,9.5334,31.6605,31.28,37,98,2.24,SS,1743560723
247,mejit,10.2753,170.8646,26.57,75,100,10.24,MH,1743560724
248,grand falls-windsor,48.9332,-55.6649,3.61,87,100,2.68,CA,1743560703
249,alesund,62.4723,6.1549,8.08,81,100,2.06,NO,1743560726
250,sofifi,0.7349,127.576,29.01,70,90,1.76,ID,1743560727
251,gariaband,20.635,82.0614,27.5,50,38,1.4,IN,1743560729
252,beira,-19.8436,34.8389,24.05,83,40,1.54,MZ,1743560730
253,flin flon,54.7682,-101.865,-4.36,95,100,4.7,CA,1743560731
254,cururupu,-1.8283,-44.8683,22.77,100,100,0.6,BR,1743560732
255,bemidji,47.4736,-94.8803,0.66,89,100,4.63,US,1743560734
256,muang phonsavan,19.45,103.2167,21.27,54,58,1.7,LA,1743560735
257,palmer,42.1584,-72.3287,3.62,56,0,2.8,US,1743560736
258,natal,-5.795,-35.2094,26.12,89,20,1.54,BR,1743560737
259,bouar,5.934,15.596,20.85,64,82,1.35,CF,1743560739
260,sinabang,2.4803,96.3801,27.52,79,100,1.0,ID,1743560740
261,ponta delgada,37.7333,-25.6667,10.4,66,20,6.17,PT,1743560741
262,juegang,32.3174,121.1855,15.81,47,1,5.14,CN,1743560742
263,akureyri,65.6835,-18.0878,2.96,70,100,1.54,IS,1743560743
264,geraldton,-28.7667,114.6,33.23,21,20,8.75,AU,1743560745
265,la passe,45.5549,-0.8967,7.85,67,5,9.42,FR,1743560746
266,saguenay,48.4168,-71.0657,-7.54,45,0,8.23,CA,1743560655
267,darovskoy,58.77,47.9564,4.42,98,100,1.67,RU,1743560748
268,kadugli,11.0167,29.7167,28.81,40,79,0.58,SD,1743560750
269,usogorsk,63.4106,48.6872,0.79,98,100,2.12,RU,1743560751
270,klyuchi,52.2667,79.1667,2.61,90,100,3.61,RU,1743560752
271,atafu village,-8.5421,-172.5159,28.66,74,5,4.5,TK,1743560753
272,galle,6.0367,80.217,26.0,85,98,3.63,LK,1743560754
273,gloucester,51.8657,-2.2431,6.94,80,0,0.45,GB,1743560755
274,rongelap,11.1635,166.8941,26.59,76,77,10.97,MH,1743560756
275,cooma,-36.2333,149.1333,19.24,42,0,1.43,AU,1743560757
276,protaras,35.0125,34.0583,17.77,92,0,1.79,CY,1743560758
277,vozhega,60.4725,40.2213,2.42,91,100,3.07,RU,1743560760
278,karkira,36.9292,6.5856,9.52,92,51,1.98,DZ,1743560761
279,chonchi,-42.6128,-73.8092,10.62,90,84,2.56,CL,1743560762
280,turabah,21.2141,41.6331,22.93,22,0,1.22,SA,1743560763
281,kavaratti,10.5669,72.642,28.04,73,22,3.92,IN,1743560764
282,livramento do brumado,-13.6431,-41.8406,24.07,70,100,1.71,BR,1743560765
283,assab,13.0092,42.7394,25.55,77,39,9.27,ER,1743560766
284,kavieng,-2.5744,150.7967,29.13,71,100,3.47,PG,1743560767
285,muroto-misakicho,33.2833,134.15,13.68,75,100,2.04,JP,1743560770
286,cockburn town,21.4612,-71.1419,25.75,79,0,10.02,TC,1743560771
287,kruisfontein,-34.0033,24.7314,14.12,79,46,2.96,ZA,1743560772
288,mogadishu,2.0371,45.3438,27.69,75,98,2.72,SO,1743560773
289,nouadhibou,20.931,-17.0347,17.99,82,100,6.69,MR,1743560774
290,hoemul-li,41.4339,129.67,7.51,64,100,2.37,KP,1743560776
291,najran,17.4924,44.1277,18.25,24,3,0.84,SA,1743560756
292,salekhard,66.53,66.6019,-13.67,93,81,3.65,RU,1743560780
293,rovaniemi,66.5,25.7167,3.67,87,0,4.12,FI,1743560781
294,n'zeto,-7.2312,12.8666,24.73,89,100,2.0,AO,1743560782
295,hammerfest,70.6634,23.6821,4.25,81,100,14.4,NO,1743560783
296,basco,20.4487,121.9702,23.53,77,93,7.74,PH,1743560784
297,jwaneng,-24.6004,24.7303,18.0,83,83,4.28,BW,1743560786
298,papao,-17.75,-149.55,30.82,73,0,5.66,PF,1743560789
299,malvan,16.0667,73.4667,27.52,82,0,1.83,IN,1743560790
300,auki,-8.7676,160.7034,30.15,70,37,2.09,SB,1743560791
301,pimentel,-6.8367,-79.9342,22.16,83,0,7.72,PE,1743560792
302,muromtsevo,56.3724,75.2418,-1.82,86,48,1.2,RU,1743560793
303,alice springs,-23.7,133.8833,19.75,83,100,6.17,AU,1743560794
304,san jose del guaviare,2.5729,-72.6459,21.66,93,100,1.34,CO,1743560599
305,puerto baquerizo moreno,-0.9,-89.6,26.58,79,57,1.3,EC,1743560796
306,kerikeri,-35.2268,173.9474,20.51,92,100,4.54,NZ,1743560797
307,taguatinga,-12.3857,-46.5711,26.7,47,84,1.86,BR,1743560798
308,ghadamis,30.1337,9.5007,18.53,19,99,5.07,LY,1743560800
309,kristiansund,63.1115,7.732,9.36,71,20,1.54,NO,1743560801
310,toliara,-23.35,43.6667,24.23,69,0,1.64,MG,1743560802
311,sao joao da barra,-21.6403,-41.0511,25.87,86,6,6.18,BR,1743560803
312,huarmey,-10.0681,-78.1522,21.87,81,100,3.42,PE,1743560805
313,qui nhon,13.7667,109.2333,23.14,79,100,5.76,VN,1743560806
314,guarapari,-20.6667,-40.4975,25.43,93,9,3.74,BR,1743560807
315,hermanus,-34.4187,19.2345,16.0,73,98,5.13,ZA,1743560809
316,st. john's,47.5649,-52.7093,9.98,93,100,13.38,CA,1743560673
317,bartoszyce,54.2535,20.8082,4.98,87,5,3.79,PL,1743560811
318,radomsko,51.0671,19.4448,6.83,85,100,4.41,PL,1743560812
319,markovo,57.3206,107.0881,3.24,89,100,3.76,RU,1743560813
320,lufilufi,-13.8745,-171.5986,28.69,75,100,3.95,WS,1743560814
321,harper,4.375,-7.7169,26.5,86,31,2.94,LR,1743560815
322,onega,63.9061,38.1404,0.25,87,100,2.93,RU,1743560816
323,batticaloa,7.7102,81.6924,26.65,83,100,2.13,LK,1743560628
324,ta'izz,13.5,44.0,20.08,54,5,2.92,YE,1743560766
325,champerico,14.3,-91.9167,30.04,85,11,3.57,GT,1743560821
326,jawf al maqbabah,13.8378,45.8349,21.51,59,0,1.44,YE,1743560822
327,oroqen zizhiqi,50.5667,123.7167,5.3,54,17,1.11,CN,1743560823
328,filadelfia,39.9523,-75.1638,8.39,50,0,3.09,US,1743560634
329,wingham,43.8879,-81.3114,-1.45,67,100,4.58,CA,1743560697
330,reshetylivka,49.565,34.0782,8.27,94,100,2.71,UA,1743560826
331,bubaque,11.2833,-15.8333,22.61,74,80,5.17,GW,1743560828
332,palikir - national government center,6.9248,158.1611,25.47,94,100,3.09,FM,1743560829
333,mysen,59.5535,11.3258,4.06,91,57,0.61,NO,1743560830
334,tabuk,17.4189,121.4443,26.13,79,96,2.35,PH,1743560831
335,port alfred,-33.5906,26.891,16.77,90,69,1.34,ZA,1743560560
336,forster,-32.1667,152.5167,17.79,90,100,2.6,AU,1743560833
337,jutai,-5.1833,-68.9,23.14,99,99,0.82,BR,1743560834
338,svetlyy,54.675,20.1347,4.43,88,5,3.92,RU,1743560835
339,egilsstadir,65.2653,-14.3948,0.95,93,100,3.6,IS,1743560836
340,tongliao,43.6125,122.2653,9.5,40,0,3.63,CN,1743560839
341,saldanha,-33.0117,17.9442,15.65,88,0,6.72,ZA,1743560840
342,arsikere,13.3139,76.2561,23.32,62,67,4.81,IN,1743560841
343,antsiranana,-12.2787,49.2917,25.09,82,100,5.43,MG,1743560842
344,terenos,-20.4422,-54.8603,24.84,88,75,3.09,BR,1743560843
345,labytnangi,66.6572,66.4183,-13.73,91,53,3.52,RU,1743560844
346,fisterra,42.9049,-9.2629,13.51,81,28,1.59,ES,1743560845
347,clarkston heights-vineland,46.3874,-117.083,9.47,54,75,2.06,US,1743560846
348,tombodu,8.1333,-10.6167,22.94,94,100,0.57,SL,1743560847
349,ayorou,14.7308,0.9174,25.23,6,100,3.89,NE,1743560851
350,menzel abderhaman,37.2374,9.8631,6.95,93,20,1.54,TN,1743560852
351,tabarka,36.9544,8.758,7.36,93,20,3.09,TN,1743560853
352,prainha,-1.8,-53.48,23.48,95,73,1.45,BR,1743560854
353,ancud,-41.8697,-73.8203,12.19,80,100,5.56,CL,1743560782
354,chake chake,-5.2459,39.7666,26.44,82,59,2.38,TZ,1743560857
355,antofagasta,-23.65,-70.4,17.6,75,78,1.29,CL,1743560775
356,rio grande,-32.035,-52.0986,22.29,68,100,8.3,BR,1743560860
357,itoman,26.1247,127.6694,21.01,78,75,7.72,JP,1743560861
358,quang ngai,15.1167,108.8,20.91,81,100,1.76,VN,1743560863
359,kerema,-7.9631,145.7785,29.33,69,33,3.07,PG,1743560864
360,guerrero negro,27.9769,-114.0611,14.46,75,98,11.13,MX,1743560865
361,chifeng,42.2683,118.9636,8.32,25,0,6.06,CN,1743560866
362,greenwood,34.1668,-82.1165,13.79,53,4,1.93,US,1743560549
363,ierapetra,35.01,25.7353,14.52,86,51,0.45,GR,1743560869
364,whakatane,-37.9585,176.9854,20.84,89,100,1.34,NZ,1743560870
365,feodosiya,45.0333,35.3833,10.25,85,100,4.18,UA,1743560871
366,greymouth,-42.4667,171.2,14.56,91,100,3.82,NZ,1743560872
367,nalut,30.3333,10.85,16.93,21,100,3.24,LY,1743560873
368,aiquile,-18.2041,-65.1807,12.71,93,100,0.76,BO,1743560874
369,taroa,8.7058,171.2275,27.05,81,100,10.5,MH,1743560875
370,peace river,56.2501,-117.286,-0.83,43,0,3.09,CA,1743560658
371,kenai,60.5544,-151.2583,12.05,49,0,4.63,US,1743560877
372,cuajinicuilapa,16.4667,-98.4167,24.13,68,90,2.0,MX,1743560878
373,matoury,4.8483,-52.3317,26.98,83,100,3.6,GF,1743560880
374,kaitong,44.8135,123.15,8.52,44,0,2.42,CN,1743560881
375,fada,7.25,4.0667,24.11,98,98,1.04,NG,1743560882
376,bueng kan,18.363,103.6519,25.63,47,35,2.26,TH,1743560883
377,buala,-8.145,159.5921,30.79,65,12,2.66,SB,1743560884
378,zemio,5.0314,25.1361,20.94,95,100,1.66,CF,1743560887
379,umarkot,25.3616,69.7362,25.9,13,0,1.13,PK,1743560888
380,ghormach,35.7306,63.7826,15.55,48,59,3.54,AF,1743560889
381,langsa,4.4683,97.9683,28.31,70,100,1.08,ID,1743560890
382,falmouth,50.1544,-5.0711,9.8,83,0,9.77,GB,1743560891
383,barra do bugres,-15.0725,-57.1811,21.98,98,92,1.9,BR,1743560892
384,jabat,7.75,168.9751,27.15,82,84,10.17,MH,1743560893
385,castillos,-34.1667,-53.8333,17.88,84,96,3.25,UY,1743560894
386,hobyo,5.3505,48.5268,27.08,75,78,5.02,SO,1743560895
387,burang,30.25,81.1667,-11.37,60,0,1.29,CN,1743560896
388,catio,11.2833,-15.25,22.44,78,100,2.95,GW,1743560898
389,hard bargain,26.3167,-77.5667,24.85,87,0,5.61,BS,1743560899
390,san antonio de pale,-1.4014,5.6325,26.88,84,67,3.85,GQ,1743560900
391,fuerte olimpo,-21.0415,-57.8738,16.87,86,100,1.72,PY,1743560901
392,nyurba,63.2842,118.3319,-0.22,99,100,3.08,RU,1743560902
393,acarau,-2.8856,-40.12,25.58,87,100,3.82,BR,1743560903
394,salym,60.0625,71.4789,-2.86,87,100,2.92,RU,1743560904
395,carlsbad,33.1581,-117.3506,14.5,75,100,9.39,US,1743560905
396,kuta,-8.7233,115.1723,29.97,74,40,2.06,ID,1743560906
397,estevan,49.1334,-102.9842,0.12,100,100,4.12,CA,1743560782
398,pisco,-13.7,-76.2167,21.03,73,0,5.14,PE,1743560909
399,santa terezinha,-29.9002,-50.0904,23.05,88,93,7.78,BR,1743560910
400,whitecourt,54.1502,-115.6855,-0.42,51,75,5.14,CA,1743560911
401,bardsir,29.9227,56.5743,13.48,33,0,0.44,IR,1743560912
402,le port,-20.9373,55.2919,25.98,77,22,1.71,RE,1743560914
403,newman,37.3138,-121.0208,12.24,64,43,1.34,US,1743560915
404,macae,-22.3708,-41.7869,24.86,88,20,1.03,BR,1743560672
405,xiongzhou,25.1167,114.3,18.15,45,35,1.36,CN,1743560917
406,williams lake,52.1415,-122.1445,6.76,65,75,2.57,CA,1743560918
407,priozersk,61.0393,30.1291,2.27,84,9,2.6,RU,1743560920
408,ashchysay,43.5542,68.8889,5.45,56,0,5.86,KZ,1743560921
409,salalah,17.0151,54.0924,23.05,60,0,1.03,OM,1743560922
410,pervomayskiy,53.2485,40.2871,9.31,86,100,2.37,RU,1743560923
411,itaueira,-7.6033,-43.0256,26.05,57,68,0.47,BR,1743560924
412,dongola,19.1667,30.4833,25.04,18,41,7.49,SD,1743560925
413,okha,53.5739,142.9478,0.06,96,9,4.52,RU,1743560926
414,teluknaga,-6.0989,106.6381,29.02,74,20,3.6,ID,1743560927
415,queenstown,-31.8976,26.8753,14.2,90,100,0.83,ZA,1743560929
416,callao,-12.0667,-77.15,23.73,73,0,5.14,PE,1743560930
417,camacupa,-12.0167,17.4833,16.36,94,100,1.22,AO,1743560931
418,myitkyina,25.3833,97.4,28.93,26,25,0.13,MM,1743560904
419,eyl,7.9803,49.8164,24.46,80,43,3.69,SO,1743560810
420,tralee,52.2704,-9.7026,8.1,81,58,4.62,IE,1743560934
421,kas,36.2018,29.6377,13.27,85,94,1.91,TR,1743560936
422,sunne,59.8376,13.143,1.94,88,36,0.43,SE,1743560937
423,puerto rosario,-24.45,-57.0833,19.02,97,100,0.56,PY,1743560939
424,flying fish cove,-10.4217,105.6791,25.82,94,100,2.57,CX,1743560906
425,bodaybo,57.8506,114.1933,2.64,89,97,2.87,RU,1743560941
426,el jadid,33.2549,-8.506,14.81,91,14,5.08,MA,1743560942
427,sligo,54.2697,-8.4694,7.65,84,6,3.66,IE,1743560817
428,bereznik,62.8551,42.7072,1.46,93,100,1.94,RU,1743560944
429,gadzhiyevo,69.2551,33.3362,0.37,98,100,9.37,RU,1743560945
430,uturoa,-16.7333,-151.4333,28.23,77,76,7.16,PF,1743560946
431,hotan,37.0997,79.9269,11.25,18,0,0.07,CN,1743560947
432,gornopravdinsk,60.05,69.9,-1.72,83,100,3.49,RU,1743560948
433,kapa'a,22.0752,-159.319,27.18,85,100,7.2,US,1743560950
434,q'vareli,41.9549,45.8172,12.68,55,100,2.03,GE,1743560951
435,strugi-krasnyye,58.2675,29.1114,1.53,81,10,2.1,RU,1743560952
436,poronaysk,49.2167,143.1167,2.77,88,66,6.07,RU,1743560953
437,shimoda,34.6667,138.95,16.39,69,63,3.61,JP,1743560954
438,joshimath,30.5667,79.5667,9.61,28,0,3.84,IN,1743560955
439,ust'-ordynskiy,52.805,104.7508,5.01,49,93,0.7,RU,1743560956
440,port alberni,49.2413,-124.8028,10.52,80,89,2.68,CA,1743560957
441,kuantan,3.8077,103.326,28.06,78,20,1.54,MY,1743560958
442,hithadhoo,-0.6,73.0833,28.11,72,59,2.27,MV,1743560959
443,nelson,-41.2833,173.2833,15.49,92,100,0.49,NZ,1743560961
444,kill devil hills,36.0307,-75.676,11.1,81,0,4.63,US,1743560962
445,villa la angostura,-40.7617,-71.6463,6.0,95,94,3.5,AR,1743560963
446,angaur state,6.906,134.13,28.66,77,100,6.65,PW,1743560964
447,berezovyy,51.6667,135.7,2.52,79,2,1.94,RU,1743560965
448,macenta,8.5435,-9.471,20.86,98,99,0.73,GN,1743560966
449,kourou,5.1552,-52.6478,24.38,92,100,2.91,GF,1743560967
450,kuusamo,65.9667,29.1833,2.02,87,75,4.63,FI,1743560968
451,kangding,30.0513,101.9603,6.5,76,86,1.86,CN,1743560969
452,mount isa,-20.7333,139.5,26.87,74,100,3.09,AU,1743560970
453,losice,52.2113,22.718,7.17,78,100,6.18,PL,1743560973
454,salumbar,24.1333,74.05,24.76,12,0,2.28,IN,1743560976
455,lagunillas,10.1301,-71.2595,27.27,74,80,4.53,VE,1743560977
456,la paz,-16.5,-68.15,9.76,83,75,2.06,BO,1743560712
457,bamboo flat,11.7,92.7167,30.05,79,40,2.57,IN,1743560979
458,almeirim,-1.5233,-52.5817,23.3,95,100,1.38,BR,1743560980
459,kyzylorda,44.8528,65.5092,8.01,66,0,5.0,KZ,1743560981
460,kwang binh,17.4833,106.6,18.35,77,100,4.11,VN,1743560983
461,luorong,24.4058,109.6086,20.38,31,39,3.29,CN,1743560984
462,nuuk,64.1835,-51.7216,-9.66,67,75,1.03,GL,1743560985
463,olmaliq,40.8447,69.5983,11.33,51,0,1.68,UZ,1743560986
464,yacuiba,-22.038,-63.6797,12.95,72,27,1.15,BO,1743560987
465,tambura,5.6,27.4667,22.22,84,100,2.06,SS,1743560988
466,havre,49.5833,0.3333,7.22,65,0,6.17,FR,1743560989
467,malango,-2.9627,119.9001,22.48,88,100,0.97,ID,1743560990
468,las palmas,28.4204,-14.0131,17.44,68,75,2.57,ES,1743560991
469,xilin hot,43.9667,116.0333,4.05,34,0,4.8,CN,1743560992
470,krasyliv,49.6519,26.9725,6.9,93,100,5.04,UA,1743560994
471,coahuayana de hidalgo,18.7,-103.6583,20.77,84,100,0.55,MX,1743560995
472,boguchany,58.3814,97.4531,-3.5,74,80,5.09,RU,1743560996
473,smithers,54.7804,-127.1743,8.18,27,20,3.6,CA,1743560997
474,kirakira,-10.4544,161.9205,30.78,70,39,4.18,SB,1743560998
475,nabire,-3.3667,135.4833,25.67,82,100,0.66,ID,1743560999
476,lospalos,-8.5186,127.0025,28.19,70,88,1.51,TL,1743561000
477,luderitz,-26.6481,15.1594,16.38,78,0,8.91,NA,1743561002
478,keflavik,64.0049,-22.5624,3.24,75,100,3.6,IS,1743561003
479,parthenay,46.6667,-0.4167,5.92,72,3,8.2,FR,1743561004
480,zhicheng,30.2956,111.5047,23.39,34,69,3.57,CN,1743561005
481,les anglais,18.3054,-74.2197,23.33,83,12,1.03,HT,1743561006
482,korsakov,46.6328,142.7813,4.91,87,45,3.73,RU,1743561007
483,dalnegorsk,44.5604,135.5701,6.71,55,100,2.62,RU,1743561009
484,morant bay,17.8815,-76.4093,25.06,86,42,4.61,JM,1743561010
485,port moresby,-9.4431,147.1797,30.68,66,40,2.57,PG,1743561011
486,sisimiut,66.9395,-53.6735,-12.29,78,98,3.6,GL,1743561012
487,juneau,58.3019,-134.4197,10.0,76,75,5.14,US,1743560272
488,dhidhdhoo,6.8833,73.1,27.89,75,3,2.67,MV,1743561014
489,independent hill,38.6359,-77.4378,8.84,65,0,0.0,US,1743561015
490,ajdabiya,30.7554,20.2263,14.63,65,0,4.25,LY,1743561016
491,pallisa,1.145,33.7094,19.54,82,89,2.8,UG,1743561017
492,sao vicente,-23.9631,-46.3919,27.16,26,14,3.58,BR,1743561012
493,youkounkoun,12.5333,-13.1333,25.97,47,78,3.07,GN,1743561020
494,berbera,10.4396,45.0143,24.83,78,46,0.52,SO,1743561021
495,emkhomazi,-30.2067,30.7978,21.34,89,100,3.69,ZA,1743561023
496,richards bay,-28.783,32.0377,22.13,90,97,3.72,ZA,1743561024
497,suciu de sus,47.4333,24.0333,5.66,81,28,2.32,RO,1743561025
498,nemyriv,48.9708,28.8378,7.17,88,100,3.8,UA,1743560955
499,nadi,-17.8,177.4167,23.0,100,100,0.51,FJ,1743561028
500,revda,56.801,59.9303,3.11,90,100,1.1,RU,1743561029
501,randfontein,-26.1844,27.702,12.25,70,97,0.38,ZA,1743561030
502,san andres,12.5847,-81.7006,25.0,74,100,3.58,CO,1743560976
503,north platte,41.1239,-100.7654,6.15,83,73,1.54,US,1743561032
504,port of spain,10.6662,-61.5166,25.12,89,27,3.79,TT,1743560482
505,yanchep,-31.55,115.6833,26.86,50,19,5.09,AU,1743561035
506,olinda,-8.0089,-34.8553,27.85,78,40,4.12,BR,1743561004
507,beroroha,-21.6667,45.1667,21.05,89,0,1.44,MG,1743561037
508,susuman,62.7833,148.1667,-9.46,79,100,3.17,RU,1743561038
509,loa janan,-0.583,117.095,31.01,62,100,1.11,ID,1743561039
510,farmville,37.3021,-78.3919,12.13,62,93,2.71,US,1743561040
511,edd,13.9297,41.6925,28.87,38,8,6.47,ER,1743561041
512,harstad,68.799,16.5293,4.12,73,100,7.6,NO,1743561042
513,colonia,50.9333,6.95,6.64,72,1,3.89,DE,1743561043
514,hastings,50.8552,0.5729,9.32,76,0,8.5,GB,1743560760
515,kyren,51.6828,102.1408,9.41,25,77,0.65,RU,1743561045
516,faya-largeau,17.9257,19.1043,21.44,15,6,7.42,TD,1743561047
517,al burayqah,30.4062,19.5739,15.66,68,0,4.79,LY,1743561048
518,aranyaprathet,13.6928,102.5013,30.64,50,100,5.19,TH,1743561049
519,sarh,9.1429,18.3923,27.97,57,93,3.05,TD,1743561051
520,daru,-9.0763,143.2092,30.93,61,86,1.65,PG,1743561052
521,ouadda,8.0777,22.4007,21.05,89,100,1.71,CF,1743561053
522,botou,38.0667,116.5667,15.68,17,0,4.65,CN,1743561054
523,tayu,-6.5397,111.0518,29.61,68,52,1.14,ID,1743561055
524,kudahuvadhoo,2.6708,72.8944,27.93,68,0,1.19,MV,1743561056
525,murzuq,25.9155,13.9184,16.12,23,0,3.74,LY,1743561058
526,cabo san lucas,22.8909,-109.9124,24.17,56,0,5.66,MX,1743561038
527,peebles,55.6519,-3.1888,4.43,74,28,1.34,GB,1743561060
528,arakkonam,13.1,79.6667,28.16,62,90,2.2,IN,1743561061
529,tommot,58.9564,126.2925,2.65,93,100,4.06,RU,1743561062
530,omuo-ekiti,7.7583,5.7223,22.84,92,100,3.06,NG,1743561063
531,amungan,15.3652,119.9582,29.96,73,100,1.64,PH,1743561064
532,al jawf,29.5,38.75,22.32,41,89,3.32,SA,1743561065
533,ubinskoye,55.3068,79.6802,-2.21,72,34,2.35,RU,1743561066
534,mpongwe,-13.5091,28.155,16.74,99,60,1.46,ZM,1743560804
535,charters towers,-20.1,146.2667,30.46,62,100,7.1,AU,1743561069
536,vorkuta,67.5,64.0,-15.29,100,100,3.27,RU,1743561070
537,guymon,36.6828,-101.4816,22.0,21,0,5.66,US,1743560837
538,chinchilla,-26.75,150.6333,21.12,99,100,1.79,AU,1743561072
539,iquitos,-3.7481,-73.2472,24.02,94,75,1.03,PE,1743561073
540,omdurman,15.6445,32.4777,29.54,18,7,5.43,SD,1743561074
541,paoy paet,13.6561,102.5625,30.49,52,100,4.79,KH,1743561075
542,alotau,-10.3069,150.4462,32.05,57,36,3.11,PG,1743561076
543,puerto deseado,-47.7503,-65.8938,8.93,73,100,5.04,AR,1743561002
544,saint-philippe,-21.3585,55.7679,25.64,85,33,5.46,RE,1743561078
545,vernon,50.2581,-119.2691,11.07,46,91,2.06,CA,1743561080
546,isabela,6.7085,121.9711,29.03,77,100,2.17,PH,1743561081
547,turochak,52.2576,87.1224,1.6,100,100,1.25,RU,1743561083
548,vila franca do campo,37.7167,-25.4333,10.23,65,75,9.12,PT,1743561084
549,usinsk,65.9939,57.5281,-8.28,87,89,6.7,RU,1743561085
550,selfoss,63.9331,-20.9971,2.8,83,100,3.94,IS,1743561086
551,baiti,13.745,-14.7482,26.29,41,72,3.2,SN,1743561087
552,abaza,52.655,90.0928,3.85,73,98,5.76,RU,1743561088
553,rio de janeiro,-22.9028,-43.2075,25.0,88,0,2.24,BR,1743560715
554,katsuren-haebaru,26.3369,127.8719,21.01,79,100,6.69,JP,1743561090
555,ain kercha,35.9247,6.6953,6.27,88,93,1.25,DZ,1743561092
556,tianpeng,30.9866,103.9393,16.79,42,85,3.01,CN,1743561093
557,machico,32.7,-16.7667,14.28,68,20,1.54,PT,1743561094
558,al khawr,25.7667,51.3167,24.5,26,61,4.0,QA,1743561095
559,salinopolis,-0.6136,-47.3561,26.04,84,99,4.04,BR,1743561096
560,candelaria,13.9311,121.4233,30.08,54,95,3.0,PH,1743561097
561,monroeville,40.4212,-79.7881,4.32,63,100,0.45,US,1743561098
562,beidaihehaibin,39.8222,119.5181,11.87,36,0,2.5,CN,1743561099
563,galesong,-5.3166,119.3661,28.04,74,98,2.22,ID,1743561100
564,waspan,14.7419,-83.9717,24.7,87,99,2.07,NI,1743561102
565,gisborne,-38.6533,178.0042,18.91,77,100,3.79,NZ,1743561103
566,kununurra,-15.7667,128.7333,27.99,54,100,2.06,AU,1743561104
567,zhosaly,45.4878,64.0781,12.19,51,9,5.94,KZ,1743561105
568,las heras,-46.5419,-68.9359,8.27,69,79,6.79,AR,1743561040
569,port shepstone,-30.7414,30.455,21.68,83,100,5.62,ZA,1743561107
570,manta,-0.95,-80.7333,26.88,89,40,2.06,EC,1743560546
571,yamada,39.4667,141.95,4.9,97,100,4.71,JP,1743561109
572,bikenibeu village,1.3673,173.1241,26.98,94,75,4.12,KI,1743561110
573,borinskoye,52.4569,39.3713,7.66,90,25,0.75,RU,1743561112
574,fort mcmurray,56.7268,-111.381,-2.23,80,100,4.63,CA,1743561113
575,trancas,-26.2314,-65.2803,11.16,72,100,0.59,AR,1743561001
576,shenjiamen,29.9576,122.298,13.35,46,100,0.52,CN,1743561115
577,bathsheba,13.2167,-59.5167,27.34,74,40,10.8,BB,1743561116
578,porto novo,6.4965,2.6036,27.76,82,100,3.55,BJ,1743561117
579,batu pahat,1.8548,102.9325,29.21,76,9,2.18,MY,1743561118
